Nombre de Comunidad,Código de Provincia,Nombre de Provincia,Población,Número de mesas,Total censo electoral,Total votantes,Votos válidos,Votos a candidaturas,Votos en blanco,Votos nulos,UNION DE CENTRO DEMOCRATICO_UCD_votos,UNION DE CENTRO DEMOCRATICO_UCD_diputados,PARTIDO SOCIALISTA OBRERO ESPAÑOL_PSOE_votos,PARTIDO SOCIALISTA OBRERO ESPAÑOL_PSOE_diputados,PARTIDO COMUNISTA DE ESPAÑA_PCE_votos,PARTIDO COMUNISTA DE ESPAÑA_PCE_diputados,FEDERACION DE PARTIDOS DE ALIANZA POPULAR_AP_votos,FEDERACION DE PARTIDOS DE ALIANZA POPULAR_AP_diputados,PARTIDO SOCIALISTA POPULAR - UNIDAD SOCIALISTA_PSP-US_votos,PARTIDO SOCIALISTA POPULAR - UNIDAD SOCIALISTA_PSP-US_diputados,COALICION ELECT.PACTE DEMOCRATIC PER CATALUNYA_PDPC_votos,COALICION ELECT.PACTE DEMOCRATIC PER CATALUNYA_PDPC_diputados,EUZKO ALDERDI JELTZALEA-PARTIDO NACIONALISTA VASCO_PNV_votos,EUZKO ALDERDI JELTZALEA-PARTIDO NACIONALISTA VASCO_PNV_diputados,COALICION ELECT. EQUIPO DE LA DEMOCRACIA CRISTIANA_FDC-EDC_votos,COALICION ELECT. EQUIPO DE LA DEMOCRACIA CRISTIANA_FDC-EDC_diputados,UNIO DEL CENTRE I LA DEM. CRISTIANA DE CATALUNYA_UDC-IDCC_votos,UNIO DEL CENTRE I LA DEM. CRISTIANA DE CATALUNYA_UDC-IDCC_diputados,COALICION ELECTORAL ESQUERRA DE CATALUÑA_EC-FED_votos,COALICION ELECTORAL ESQUERRA DE CATALUÑA_EC-FED_diputados,FRENTE DEMOCRATICO DE IZQUIERDAS_FDI_votos,FRENTE DEMOCRATICO DE IZQUIERDAS_FDI_diputados,ALIANZA SOCIALISTA DEMOCRATICA_ASDCI_votos,ALIANZA SOCIALISTA DEMOCRATICA_ASDCI_diputados,AGRUPACION ELECTORAL DE TRABAJADORES_AET_votos,AGRUPACION ELECTORAL DE TRABAJADORES_AET_diputados,ALIANZA NACIONAL 18 DE JULIO_AN18_votos,ALIANZA NACIONAL 18 DE JULIO_AN18_diputados,REFORMA SOCIAL ESPAÑOLA_RSE_votos,REFORMA SOCIAL ESPAÑOLA_RSE_diputados,EUSKADIKO EZKERRA_EE_votos,EUSKADIKO EZKERRA_EE_diputados,FALANGE ESPAÑOLA DE LAS JONS AUTENTICA_FJONSA_votos,FALANGE ESPAÑOLA DE LAS JONS AUTENTICA_FJONSA_diputados,FRENTE UNIDAD DE LOS TRABAJADORES_FUT_votos,FRENTE UNIDAD DE LOS TRABAJADORES_FUT_diputados,CANDIDATURA ARAGONESA INDEPENDIENTE DE CENTRO_CAIC_votos,CANDIDATURA ARAGONESA INDEPENDIENTE DE CENTRO_CAIC_diputados,PARTIDO SOCIALISTA VASCO_ESB_votos,PARTIDO SOCIALISTA VASCO_ESB_diputados,PARTIDO SOCIALISTA DEL PAIS VALENCIA_PSPV_votos,PARTIDO SOCIALISTA DEL PAIS VALENCIA_PSPV_diputados,CANDIDATURA INDEPENDIENTE DE CENTRO_INDEP_votos,CANDIDATURA INDEPENDIENTE DE CENTRO_INDEP_diputados,PARTIDO SOCIALISTA GALEGO_PSG_votos,PARTIDO SOCIALISTA GALEGO_PSG_diputados,DEMOCRACIA CRISTIANA VASCA_DCV_votos,DEMOCRACIA CRISTIANA VASCA_DCV_diputados,FALANGE ESPAÑOLA DE LAS JONS_FJONS_votos,FALANGE ESPAÑOLA DE LAS JONS_FJONS_diputados,UNION NAVARRA DE IZQUIERDA_UNAI_votos,UNION NAVARRA DE IZQUIERDA_UNAI_diputados,BLOQUE NACIONAL POPULAR GALLEGO_BNPG_votos,BLOQUE NACIONAL POPULAR GALLEGO_BNPG_diputados,ALIANZA FORAL NAVARRA_AFN_votos,ALIANZA FORAL NAVARRA_AFN_diputados,UNIDAD REGIONAL ANDALUZA_URA_votos,UNIDAD REGIONAL ANDALUZA_URA_diputados,P. SOCIALISTA OBRERO ESPAÑOL(SECTOR HISTORICO)_PSOE-H_votos,P. SOCIALISTA OBRERO ESPAÑOL(SECTOR HISTORICO)_PSOE-H_diputados,LLIGA DE CATALUNYA PARTIT LIBERAL CATALA_LLIGA_votos,LLIGA DE CATALUNYA PARTIT LIBERAL CATALA_LLIGA_diputados,ASOC.NAL. PARA EL ESTUDIO DE PROBLEMAS ACTUALES_ANEPA-CP_votos,ASOC.NAL. PARA EL ESTUDIO DE PROBLEMAS ACTUALES_ANEPA-CP_diputados,UNION AUTONOMISTA DE NAVARRA_UAN_votos,UNION AUTONOMISTA DE NAVARRA_UAN_diputados,PUEBLO CANARIO UNIDO_PCU_votos,PUEBLO CANARIO UNIDO_PCU_diputados,DEMOCRATAS INDEPENDIENTES VASCOS_DIV_votos,DEMOCRATAS INDEPENDIENTES VASCOS_DIV_diputados,UNITAT POPULAR PER SOCIALISME_CUPS_votos,UNITAT POPULAR PER SOCIALISME_CUPS_diputados,UNIO AUTONOMISTA_UAB_votos,UNIO AUTONOMISTA_UAB_diputados,CENTRO IZQUIERDA DE ALBACETE_CCIA_votos,CENTRO IZQUIERDA DE ALBACETE_CCIA_diputados,UNIDAD REGIONALISTA_URAS_votos,UNIDAD REGIONALISTA_URAS_diputados,FRENTE NAVARRO INDEPENDIENTE_FNI_votos,FRENTE NAVARRO INDEPENDIENTE_FNI_diputados,PARTIDO POPULAR CANARIO_PPCAN_votos,PARTIDO POPULAR CANARIO_PPCAN_diputados,DEMOCRACIA SOCIAL CRISTIANA DE CATALUÑA_DSCC_votos,DEMOCRACIA SOCIAL CRISTIANA DE CATALUÑA_DSCC_diputados,MOVIMIENTO SOCIALISTA_MS_votos,MOVIMIENTO SOCIALISTA_MS_diputados,MONTEJURRA-FEDERALISMO-AUTOGESTION_MFA_votos,MONTEJURRA-FEDERALISMO-AUTOGESTION_MFA_diputados,AGRUP.ELEC. Y PART.INDEP. ACCION SOCIAL AGRARIA_ASA_votos,AGRUP.ELEC. Y PART.INDEP. ACCION SOCIAL AGRARIA_ASA_diputados,ASOCIACION CIRCULOS JOSE ANTONIO_CJA_votos,ASOCIACION CIRCULOS JOSE ANTONIO_CJA_diputados,CANDIDATURA INDEPENDIENTE_INDEP_votos,CANDIDATURA INDEPENDIENTE_INDEP_diputados,ACCION NACIONALISTA VASCA_ANV_votos,ACCION NACIONALISTA VASCA_ANV_diputados,CANDIDATURA INDEP. AL CONGRESO PER PROV. GIRONA_INDEP_votos,CANDIDATURA INDEP. AL CONGRESO PER PROV. GIRONA_INDEP_diputados,INDEPENDIENTE_INDEP_votos,INDEPENDIENTE_INDEP_diputados,DEMOCRACIA CRISTIANA ARAGONESA_DCAR_votos,DEMOCRACIA CRISTIANA ARAGONESA_DCAR_diputados,CANDIDATURA RIOJANA INDEPENDIENTE_INDEP_votos,CANDIDATURA RIOJANA INDEPENDIENTE_INDEP_diputados,ASOCIACION POLITICA FUERZA NUEVA_FN_votos,ASOCIACION POLITICA FUERZA NUEVA_FN_diputados,UNIDAD POPULAR_CUP_votos,UNIDAD POPULAR_CUP_diputados,PARTIDO SOCIALISTA DE CANARIAS_PSCAN_votos,PARTIDO SOCIALISTA DE CANARIAS_PSCAN_diputados,PARTIDO INDEPENDIENTE DE MADRID_PIM_votos,PARTIDO INDEPENDIENTE DE MADRID_PIM_diputados,FRENTE AUTONOMISTA ARAGONES_FAA_votos,FRENTE AUTONOMISTA ARAGONES_FAA_diputados,PARTIDO PROVERISTA_PPROV_votos,PARTIDO PROVERISTA_PPROV_diputados,INDEPENDIENTE_INDEP_votos,INDEPENDIENTE_INDEP_diputados,IZQUIERDA CANARIA UNIDA_ICU_votos,IZQUIERDA CANARIA UNIDA_ICU_diputados,PARTIDO SOCIALISTA DEMOCRATICO ESPAÑOL_PSDE_votos,PARTIDO SOCIALISTA DEMOCRATICO ESPAÑOL_PSDE_diputados,PARTIDO DEMOCRATA GALLEGO_PDG_votos,PARTIDO DEMOCRATA GALLEGO_PDG_diputados,UNION DEMOCRATA DE LAS ISLAS BALEARES_UDIB_votos,UNION DEMOCRATA DE LAS ISLAS BALEARES_UDIB_diputados,CANDIDATURA INDEPENDIENTE_INDEP_votos,CANDIDATURA INDEPENDIENTE_INDEP_diputados,FEDERACION LABORISTA_FL_votos,FEDERACION LABORISTA_FL_diputados,INDEPENDIENTE_INDEP_votos,INDEPENDIENTE_INDEP_diputados,AGRUPACION RIOJANA INDEPENDIENTE_INDEP_votos,AGRUPACION RIOJANA INDEPENDIENTE_INDEP_diputados,INDEPENDIENTE_INDEP_votos,INDEPENDIENTE_INDEP_diputados,PARTIDO RADICAL SOCIALISTA DE VALENCIA_PRSV_votos,PARTIDO RADICAL SOCIALISTA DE VALENCIA_PRSV_diputados,ELECTORS CARLINS DEL PAIS VALENCIA_INDEP_votos,ELECTORS CARLINS DEL PAIS VALENCIA_INDEP_diputados,CANDIDATURA INDEPENDIENTE_INDEP_votos,CANDIDATURA INDEPENDIENTE_INDEP_diputados,AGRUPACION ELECTORAL INDEP. DEL CAMPO Y LA CIUDAD_AEICYU_votos,AGRUPACION ELECTORAL INDEP. DEL CAMPO Y LA CIUDAD_AEICYU_diputados,CANDIDATURA UNITARIA DE LA IZQUIERDA REGIONALISTA_CUIR_votos,CANDIDATURA UNITARIA DE LA IZQUIERDA REGIONALISTA_CUIR_diputados,CANDIDATOS INDEP. DE LA PEQUEÑA Y MEDIANA EMPRESA_CIPYE_votos,CANDIDATOS INDEP. DE LA PEQUEÑA Y MEDIANA EMPRESA_CIPYE_diputados,ASOCIACION DE ELECTORES DE CEUTA_ADEC_votos,ASOCIACION DE ELECTORES DE CEUTA_ADEC_diputados,AGRUPACION DE ELECTORES CARLISTAS_ADC_votos,AGRUPACION DE ELECTORES CARLISTAS_ADC_diputados,FALANGE ESPAÑOLA INDEPENDIENTE_FEI_votos,FALANGE ESPAÑOLA INDEPENDIENTE_FEI_diputados,PARTIDO AGRARIO ESPAÑOL_PAE_votos,PARTIDO AGRARIO ESPAÑOL_PAE_diputados,PARTIDO LIBERAL INDEPENDIENTE_PLI_votos,PARTIDO LIBERAL INDEPENDIENTE_PLI_diputados,INDEPENDIENTE_INDEP_votos,INDEPENDIENTE_INDEP_diputados,BLOQUE ANDALUZ DE IZQUIERDA_BAI_votos,BLOQUE ANDALUZ DE IZQUIERDA_BAI_diputados,CANDIDATURA ANDALUZA DE IZQUIERDA_CAI_votos,CANDIDATURA ANDALUZA DE IZQUIERDA_CAI_diputados
Andalucía                     ,4,Almería                                           ,388437,392,239935,186342,185182,184822,360,1160,92019,3,50723,2,11926,0,14886,0,5789,0,0,0,0,0,5553,0,0,0,0,0,770,0,892,0,0,0,775,0,771,0,0,0,718,0,0,0,0,0,0,0,0,0,0,0,0,0,0,0,0,0,0,0,0,0,0,0,0,0,0,0,0,0,0,0,0,0,0,0,0,0,0,0,0,0,0,0,0,0,0,0,0,0,0,0,0,0,0,0,0,0,0,0,0,0,0,0,0,0,0,0,0,0,0,0,0,0,0,0,0,0,0,0,0,0,0,0,0,0,0,0,0,0,0,0,0,0,0,0,0,0,0,0,0,0,0,0,0,0,0,0,0,0,0,0,0,0,0,0,0,0,0,0,0,0,0,0,0,0,0,0,0,0,0,0
Andalucía                     ,11,Cádiz                                             ,952328,1012,559590,421330,413337,411950,1387,7993,112927,2,150896,4,41809,1,20424,0,40232,1,0,0,0,0,5216,0,0,0,0,0,10808,0,0,0,0,0,0,0,2404,0,0,0,0,0,254,0,0,0,0,0,0,0,0,0,0,0,0,0,1979,0,0,0,0,0,0,0,13396,0,0,0,0,0,3635,0,0,0,0,0,0,0,0,0,0,0,0,0,0,0,0,0,0,0,0,0,1498,0,0,0,0,0,0,0,6472,0,0,0,0,0,0,0,0,0,0,0,0,0,0,0,0,0,0,0,0,0,0,0,0,0,0,0,0,0,0,0,0,0,0,0,0,0,0,0,0,0,0,0,0,0,0,0,0,0,0,0,0,0,0,0,0,0,0,0,0,0,0,0,0,0,0,0,0,0,0,0
Andalucía                     ,14,Córdoba                                           ,717005,753,451021,365308,361661,361256,405,3647,117482,3,122361,3,59668,1,33616,0,13195,0,0,0,0,0,2984,0,0,0,0,0,4056,0,923,0,0,0,1718,0,1413,0,0,0,693,0,1463,0,0,0,0,0,0,0,0,0,0,0,0,0,0,0,0,0,0,0,0,0,0,0,0,0,0,0,0,0,0,0,0,0,0,0,0,0,0,0,0,0,0,0,0,0,0,0,0,0,0,0,0,0,0,0,0,0,0,0,0,0,0,0,0,0,0,0,0,0,0,0,0,0,0,0,0,0,0,0,0,0,0,0,0,0,0,0,0,0,0,0,0,0,0,0,0,0,0,0,0,0,0,0,0,0,1684,0,0,0,0,0,0,0,0,0,0,0,0,0,0,0,0,0,0,0,0,0,0,0
Andalucía                     ,18,Granada                                           ,737045,668,456952,351595,348393,347518,875,3202,152498,4,111746,3,33879,0,24573,0,12567,0,0,0,0,0,3104,0,0,0,0,0,4235,0,2146,0,0,0,0,0,1704,0,0,0,0,0,0,0,0,0,0,0,0,0,0,0,0,0,0,0,0,0,0,0,0,0,0,0,0,0,0,0,0,0,0,0,0,0,0,0,0,0,0,0,0,0,0,0,0,0,0,0,0,0,0,0,1066,0,0,0,0,0,0,0,0,0,0,0,0,0,0,0,0,0,0,0,0,0,0,0,0,0,0,0,0,0,0,0,0,0,0,0,0,0,0,0,0,0,0,0,0,0,0,0,0,0,0,0,0,0,0,0,0,0,0,0,0,0,0,0,0,0,0,0,0,0,0,0,0,0,0,0,0,0,0,0
Andalucía                     ,21,Huelva                                            ,402973,417,255557,189961,187251,186956,295,2710,89494,3,63172,2,10217,0,9415,0,4819,0,0,0,0,0,2604,0,0,0,0,0,988,0,2214,0,2974,0,0,0,1059,0,0,0,0,0,0,0,0,0,0,0,0,0,0,0,0,0,0,0,0,0,0,0,0,0,0,0,0,0,0,0,0,0,0,0,0,0,0,0,0,0,0,0,0,0,0,0,0,0,0,0,0,0,0,0,0,0,0,0,0,0,0,0,0,0,0,0,0,0,0,0,0,0,0,0,0,0,0,0,0,0,0,0,0,0,0,0,0,0,0,0,0,0,0,0,0,0,0,0,0,0,0,0,0,0,0,0,0,0,0,0,0,0,0,0,0,0,0,0,0,0,0,0,0,0,0,0,0,0,0,0,0,0,0,0
Andalucía                     ,23,Jaén                                              ,645524,661,403142,316613,314177,313908,269,2436,103697,3,123708,4,29847,0,26422,0,6476,0,0,0,0,0,3071,0,0,0,0,0,1278,0,2135,0,0,0,0,0,0,0,0,0,807,0,0,0,0,0,0,0,0,0,0,0,0,0,0,0,0,0,0,0,0,0,0,0,5291,0,0,0,0,0,0,0,0,0,0,0,0,0,0,0,0,0,0,0,0,0,0,0,0,0,0,0,0,0,0,0,8439,0,1308,0,0,0,0,0,0,0,0,0,0,0,0,0,0,0,0,0,0,0,0,0,0,0,0,0,0,0,0,0,0,0,0,0,0,0,0,0,0,0,0,0,0,0,0,0,0,0,0,0,0,0,0,0,0,0,0,0,0,0,0,0,0,0,833,0,596,0,0,0,0,0,0,0
Andalucía                     ,29,Málaga                                            ,915422,1015,569535,440574,434521,433609,912,6053,115390,3,185095,4,50990,1,34838,0,22144,0,0,0,0,0,3942,0,0,0,0,0,5106,0,1536,0,0,0,0,0,7049,0,0,0,1444,0,0,0,0,0,0,0,0,0,0,0,0,0,0,0,0,0,0,0,0,0,0,0,0,0,0,0,0,0,1124,0,0,0,0,0,0,0,0,0,0,0,0,0,0,0,0,0,0,0,0,0,3245,0,0,0,0,0,0,0,0,0,0,0,0,0,0,0,0,0,0,0,0,0,0,0,0,0,0,0,0,0,0,0,0,0,0,0,0,0,0,0,0,0,0,0,0,0,0,0,0,0,0,0,0,0,0,0,0,0,0,0,0,0,1480,0,0,0,0,0,0,0,0,0,0,0,0,0,226,0,0,0
Andalucía                     ,41,Sevilla                                           ,1375540,1854,842042,692926,684399,682367,2032,8527,223252,5,251336,5,91914,2,42860,0,33329,0,0,0,0,0,6523,0,0,0,0,0,19008,0,4064,0,1736,0,2197,0,1736,0,0,0,0,0,0,0,0,0,0,0,0,0,0,0,0,0,0,0,0,0,0,0,0,0,0,0,2663,0,0,0,0,0,0,0,0,0,0,0,0,0,0,0,0,0,0,0,0,0,0,0,0,0,0,0,1749,0,0,0,0,0,0,0,0,0,0,0,0,0,0,0,0,0,0,0,0,0,0,0,0,0,0,0,0,0,0,0,0,0,0,0,0,0,0,0,0,0,0,0,0,0,0,0,0,0,0,0,0,0,0,0,0,0,0,0,0,0,0,0,0,0,0,0,0,0,0,0,0,0,0,0,0,0,0,0
Aragón                        ,22,Huesca                                            ,215316,402,153109,125015,122523,122129,394,2492,55837,2,33693,1,7398,0,7223,0,13730,0,0,0,0,0,2895,0,0,0,0,0,955,0,0,0,0,0,0,0,0,0,0,0,398,0,0,0,0,0,0,0,0,0,0,0,0,0,0,0,0,0,0,0,0,0,0,0,0,0,0,0,0,0,0,0,0,0,0,0,0,0,0,0,0,0,0,0,0,0,0,0,0,0,0,0,0,0,0,0,0,0,0,0,0,0,0,0,0,0,0,0,0,0,0,0,0,0,0,0,0,0,0,0,0,0,0,0,0,0,0,0,0,0,0,0,0,0,0,0,0,0,0,0,0,0,0,0,0,0,0,0,0,0,0,0,0,0,0,0,0,0,0,0,0,0,0,0,0,0,0,0,0,0,0,0
Aragón                        ,44,Teruel                                            ,156801,323,112376,95055,93272,92793,479,1783,46820,2,16423,1,2442,0,15180,0,3387,0,0,0,0,0,0,0,0,0,0,0,0,0,0,0,0,0,332,0,1842,0,0,0,0,0,0,0,0,0,0,0,0,0,0,0,0,0,0,0,0,0,0,0,0,0,0,0,0,0,0,0,0,0,0,0,0,0,0,0,0,0,0,0,0,0,0,0,0,0,0,0,0,0,0,0,0,0,0,0,0,0,0,0,0,0,0,0,0,0,6158,0,0,0,0,0,0,0,0,0,0,0,0,0,0,0,0,0,0,0,0,0,0,0,0,0,0,0,0,0,0,0,0,0,0,0,0,0,0,0,0,0,0,0,0,0,0,0,0,0,0,0,0,0,0,0,0,0,209,0,0,0,0,0,0,0
Aragón                        ,50,Zaragoza                                          ,797533,1169,547396,442996,436238,434660,1578,6758,138575,3,111293,3,22446,0,34857,0,46737,1,0,0,0,0,6205,0,0,0,0,0,8656,0,0,0,1713,0,1602,0,0,0,0,0,1531,0,0,0,37183,1,0,0,0,0,0,0,0,0,0,0,0,0,0,0,0,0,0,0,0,0,12328,0,0,0,0,0,0,0,0,0,0,0,0,0,0,0,0,0,0,0,0,0,0,0,0,0,0,0,0,0,0,0,729,0,0,0,0,0,0,0,0,0,6014,0,0,0,0,0,0,0,0,0,0,0,4791,0,0,0,0,0,0,0,0,0,0,0,0,0,0,0,0,0,0,0,0,0,0,0,0,0,0,0,0,0,0,0,0,0,0,0,0,0,0,0,0,0,0,0,0,0,0,0,0,0,0,0
Principado de Asturias        ,33,Asturias                                          ,1096811,1442,783206,584061,576100,575088,1012,7961,177843,4,182850,4,60297,1,77932,1,40807,0,0,0,0,0,3438,0,0,0,0,0,0,0,5947,0,2781,0,8245,0,0,0,0,0,2615,0,1512,0,0,0,0,0,0,0,0,0,0,0,0,0,0,0,0,0,0,0,0,0,0,0,0,0,0,0,0,0,0,0,0,0,0,0,0,0,0,0,0,0,10821,0,0,0,0,0,0,0,0,0,0,0,0,0,0,0,0,0,0,0,0,0,0,0,0,0,0,0,0,0,0,0,0,0,0,0,0,0,0,0,0,0,0,0,0,0,0,0,0,0,0,0,0,0,0,0,0,0,0,0,0,0,0,0,0,0,0,0,0,0,0,0,0,0,0,0,0,0,0,0,0,0,0,0,0,0,0,0
Illes Balears                 ,7,Illes Balears                                     ,633016,870,407899,321552,315147,313836,1311,6405,163536,4,73554,2,14046,0,28472,0,16244,0,0,0,0,0,0,0,0,0,0,0,775,0,0,0,669,0,0,0,1067,0,0,0,0,0,0,0,0,0,0,0,0,0,0,0,0,0,0,0,0,0,0,0,0,0,0,0,0,0,0,0,0,0,0,0,0,0,0,0,0,0,0,0,11914,0,0,0,0,0,0,0,0,0,0,0,0,0,0,0,0,0,613,0,0,0,0,0,0,0,0,0,0,0,0,0,0,0,0,0,0,0,0,0,0,0,0,0,0,0,0,0,0,0,0,0,2946,0,0,0,0,0,0,0,0,0,0,0,0,0,0,0,0,0,0,0,0,0,0,0,0,0,0,0,0,0,0,0,0,0,0,0,0,0,0,0
Canarias                      ,35,Las Palmas                                        ,671786,936,365063,289260,283698,282841,857,5562,187254,5,39616,1,7467,0,15944,0,7130,0,0,0,0,0,0,0,0,0,0,0,1476,0,0,0,0,0,0,0,1154,0,0,0,817,0,0,0,0,0,0,0,0,0,0,0,0,0,0,0,0,0,0,0,0,0,0,0,0,0,0,0,0,0,0,0,0,0,17717,0,0,0,0,0,0,0,0,0,0,0,0,0,1882,0,0,0,0,0,0,0,0,0,0,0,0,0,0,0,0,0,0,0,0,0,0,0,0,0,0,0,2384,0,0,0,0,0,0,0,0,0,0,0,0,0,0,0,0,0,0,0,0,0,0,0,0,0,0,0,0,0,0,0,0,0,0,0,0,0,0,0,0,0,0,0,0,0,0,0,0,0,0,0,0,0,0,0
Canarias                      ,38,Santa Cruz de Tenerife                            ,687935,751,397732,268184,263445,262585,860,4739,140237,5,50951,2,10643,0,27828,0,14215,0,0,0,0,0,0,0,0,0,0,0,0,0,0,0,0,0,0,0,0,0,0,0,4099,0,0,0,0,0,0,0,0,0,0,0,0,0,0,0,0,0,0,0,0,0,0,0,0,0,0,0,0,0,0,0,0,0,0,0,0,0,0,0,0,0,0,0,0,0,0,0,7768,0,0,0,0,0,0,0,0,0,0,0,0,0,0,0,0,0,0,0,0,0,0,0,0,0,0,0,2726,0,0,0,0,0,0,0,0,0,4118,0,0,0,0,0,0,0,0,0,0,0,0,0,0,0,0,0,0,0,0,0,0,0,0,0,0,0,0,0,0,0,0,0,0,0,0,0,0,0,0,0,0,0,0,0
Cantabria                     ,39,Cantabria                                         ,492228,806,327008,263997,256406,256015,391,7591,102719,3,67611,1,13971,0,36598,1,6923,0,0,0,0,0,5930,0,0,0,0,0,1633,0,0,0,2551,0,3582,0,0,0,0,0,1797,0,0,0,0,0,0,0,0,0,0,0,0,0,0,0,0,0,0,0,0,0,0,0,0,0,8914,0,0,0,0,0,0,0,0,0,0,0,0,0,0,0,0,0,0,0,0,0,0,0,0,0,0,0,0,0,0,0,0,0,0,0,0,0,0,0,0,0,0,0,0,0,0,0,0,0,0,0,0,0,0,0,0,0,0,0,0,0,3786,0,0,0,0,0,0,0,0,0,0,0,0,0,0,0,0,0,0,0,0,0,0,0,0,0,0,0,0,0,0,0,0,0,0,0,0,0,0,0,0,0,0,0
Castilla - La Mancha          ,2,Albacete                                          ,331404,500,211249,171690,169553,169079,474,2137,64603,2,56332,2,13623,0,16005,0,0,0,0,0,0,0,0,0,0,0,0,0,1698,0,0,0,0,0,0,0,0,0,0,0,0,0,0,0,0,0,0,0,0,0,0,0,0,0,0,0,4939,0,0,0,0,0,0,0,0,0,0,0,0,0,0,0,0,0,0,0,0,0,0,0,0,0,11879,0,0,0,0,0,0,0,0,0,0,0,0,0,0,0,0,0,0,0,0,0,0,0,0,0,0,0,0,0,0,0,0,0,0,0,0,0,0,0,0,0,0,0,0,0,0,0,0,0,0,0,0,0,0,0,0,0,0,0,0,0,0,0,0,0,0,0,0,0,0,0,0,0,0,0,0,0,0,0,0,0,0,0,0,0,0,0,0,0
Castilla - La Mancha          ,13,Ciudad Real                                       ,481212,593,310547,251115,248142,247630,512,2973,102362,3,79715,2,15562,0,31310,0,13582,0,0,0,0,0,0,0,0,0,0,0,1203,0,811,0,0,0,3085,0,0,0,0,0,0,0,0,0,0,0,0,0,0,0,0,0,0,0,0,0,0,0,0,0,0,0,0,0,0,0,0,0,0,0,0,0,0,0,0,0,0,0,0,0,0,0,0,0,0,0,0,0,0,0,0,0,0,0,0,0,0,0,0,0,0,0,0,0,0,0,0,0,0,0,0,0,0,0,0,0,0,0,0,0,0,0,0,0,0,0,0,0,0,0,0,0,0,0,0,0,0,0,0,0,0,0,0,0,0,0,0,0,0,0,0,0,0,0,0,0,0,0,0,0,0,0,0,0,0,0,0,0,0,0,0,0
Castilla - La Mancha          ,16,Cuenca                                            ,221929,342,151099,128304,126227,125913,314,2077,70550,3,28350,1,7927,0,10277,0,1947,0,0,0,0,0,1646,0,0,0,0,0,242,0,674,0,0,0,0,0,2024,0,0,0,509,0,0,0,0,0,0,0,0,0,0,0,0,0,0,0,0,0,0,0,0,0,0,0,0,0,0,0,0,0,0,0,0,0,0,0,0,0,0,0,0,0,0,0,0,0,0,0,0,0,0,0,0,0,0,0,0,0,419,0,0,0,0,0,0,0,0,0,0,0,0,0,1219,0,0,0,0,0,0,0,0,0,0,0,0,0,0,0,0,0,0,0,0,0,0,0,0,0,0,0,0,0,0,0,0,0,0,0,0,0,0,0,0,0,0,0,0,0,0,0,129,0,0,0,0,0,0,0,0,0,0,0
Castilla - La Mancha          ,19,Guadalajara                                       ,139399,403,95061,81562,80690,80487,203,872,39321,2,17133,1,5521,0,12815,0,2182,0,0,0,0,0,0,0,0,0,0,0,526,0,0,0,0,0,0,0,0,0,0,0,0,0,0,0,0,0,0,0,0,0,0,0,0,0,0,0,2989,0,0,0,0,0,0,0,0,0,0,0,0,0,0,0,0,0,0,0,0,0,0,0,0,0,0,0,0,0,0,0,0,0,0,0,0,0,0,0,0,0,0,0,0,0,0,0,0,0,0,0,0,0,0,0,0,0,0,0,0,0,0,0,0,0,0,0,0,0,0,0,0,0,0,0,0,0,0,0,0,0,0,0,0,0,0,0,0,0,0,0,0,0,0,0,0,0,0,0,0,0,0,0,0,0,0,0,0,0,0,0,0,0,0,0
Castilla - La Mancha          ,45,Toledo                                            ,464236,497,309595,268225,265929,265536,393,2296,101891,2,83956,2,21942,0,44091,1,4253,0,0,0,0,0,0,0,0,0,0,0,1320,0,0,0,0,0,6656,0,0,0,0,0,1427,0,0,0,0,0,0,0,0,0,0,0,0,0,0,0,0,0,0,0,0,0,0,0,0,0,0,0,0,0,0,0,0,0,0,0,0,0,0,0,0,0,0,0,0,0,0,0,0,0,0,0,0,0,0,0,0,0,0,0,0,0,0,0,0,0,0,0,0,0,0,0,0,0,0,0,0,0,0,0,0,0,0,0,0,0,0,0,0,0,0,0,0,0,0,0,0,0,0,0,0,0,0,0,0,0,0,0,0,0,0,0,0,0,0,0,0,0,0,0,0,0,0,0,0,0,0,0,0,0,0,0
Castilla y León               ,5,Ávila                                             ,190865,314,130998,106097,105134,104894,240,963,71650,3,14984,0,2406,0,7123,0,1777,0,0,0,0,0,4872,0,0,0,0,0,0,0,0,0,366,0,0,0,0,0,0,0,0,0,0,0,0,0,0,0,0,0,0,0,0,0,0,0,0,0,0,0,0,0,0,0,0,0,0,0,0,0,0,0,0,0,0,0,0,0,0,0,0,0,0,0,0,0,0,0,0,0,0,0,584,0,0,0,0,0,0,0,0,0,0,0,0,0,0,0,0,0,0,0,1132,0,0,0,0,0,0,0,0,0,0,0,0,0,0,0,0,0,0,0,0,0,0,0,0,0,0,0,0,0,0,0,0,0,0,0,0,0,0,0,0,0,0,0,0,0,0,0,0,0,0,0,0,0,0,0,0,0,0,0
Castilla y León               ,9,Burgos                                            ,347879,838,238885,189485,186301,185558,743,3184,89363,3,44388,1,4765,0,28707,0,5870,0,0,0,0,0,3012,0,0,0,0,0,3172,0,866,0,1552,0,1366,0,1881,0,0,0,0,0,0,0,0,0,0,0,0,0,0,0,0,0,0,0,0,0,0,0,0,0,0,0,0,0,0,0,0,0,616,0,0,0,0,0,0,0,0,0,0,0,0,0,0,0,0,0,0,0,0,0,0,0,0,0,0,0,0,0,0,0,0,0,0,0,0,0,0,0,0,0,0,0,0,0,0,0,0,0,0,0,0,0,0,0,0,0,0,0,0,0,0,0,0,0,0,0,0,0,0,0,0,0,0,0,0,0,0,0,0,0,0,0,0,0,0,0,0,0,0,0,0,0,0,0,0,0,0,0,0,0
Castilla y León               ,24,León                                              ,526495,852,364127,273694,270228,268946,1282,3466,137495,4,64766,1,12460,0,33285,1,9212,0,0,0,0,0,4371,0,0,0,0,0,2712,0,4645,0,0,0,0,0,0,0,0,0,0,0,0,0,0,0,0,0,0,0,0,0,0,0,0,0,0,0,0,0,0,0,0,0,0,0,0,0,0,0,0,0,0,0,0,0,0,0,0,0,0,0,0,0,0,0,0,0,0,0,0,0,0,0,0,0,0,0,0,0,0,0,0,0,0,0,0,0,0,0,0,0,0,0,0,0,0,0,0,0,0,0,0,0,0,0,0,0,0,0,0,0,0,0,0,0,0,0,0,0,0,0,0,0,0,0,0,0,0,0,0,0,0,0,0,0,0,0,0,0,0,0,0,0,0,0,0,0,0,0,0,0
Castilla y León               ,34,Palencia                                          ,185859,530,125385,103778,102070,101760,310,1708,51568,2,25878,1,3744,0,14638,0,3084,0,0,0,0,0,0,0,0,0,0,0,829,0,0,0,0,0,0,0,0,0,0,0,0,0,0,0,0,0,0,0,0,0,0,0,0,0,0,0,0,0,0,0,0,0,0,0,0,0,0,0,0,0,0,0,0,0,0,0,0,0,0,0,0,0,0,0,0,0,0,0,0,0,0,0,0,0,0,0,0,0,0,0,0,0,0,0,0,0,0,0,0,0,0,0,0,0,0,0,0,0,0,0,0,0,0,0,0,0,0,0,0,0,0,0,0,0,0,0,0,0,0,0,0,0,0,0,0,0,0,0,0,0,1623,0,0,0,0,0,0,0,396,0,0,0,0,0,0,0,0,0,0,0,0,0
Castilla y León               ,37,Salamanca                                         ,349905,607,241301,199259,194069,193552,517,5190,108862,3,44168,1,5522,0,15259,0,11930,0,0,0,0,0,5302,0,0,0,0,0,872,0,0,0,0,0,0,0,929,0,0,0,708,0,0,0,0,0,0,0,0,0,0,0,0,0,0,0,0,0,0,0,0,0,0,0,0,0,0,0,0,0,0,0,0,0,0,0,0,0,0,0,0,0,0,0,0,0,0,0,0,0,0,0,0,0,0,0,0,0,0,0,0,0,0,0,0,0,0,0,0,0,0,0,0,0,0,0,0,0,0,0,0,0,0,0,0,0,0,0,0,0,0,0,0,0,0,0,0,0,0,0,0,0,0,0,0,0,0,0,0,0,0,0,0,0,0,0,0,0,0,0,0,0,0,0,0,0,0,0,0,0,0,0
Castilla y León               ,40,Segovia                                           ,151200,279,99408,87097,85555,85191,364,1542,50270,2,18210,1,2101,0,7407,0,5330,0,0,0,0,0,0,0,0,0,0,0,361,0,0,0,0,0,0,0,0,0,0,0,913,0,0,0,0,0,0,0,0,0,0,0,0,0,0,0,0,0,0,0,0,0,0,0,0,0,0,0,0,0,0,0,0,0,0,0,0,0,0,0,0,0,0,0,0,0,0,0,0,0,0,0,599,0,0,0,0,0,0,0,0,0,0,0,0,0,0,0,0,0,0,0,0,0,0,0,0,0,0,0,0,0,0,0,0,0,0,0,0,0,0,0,0,0,0,0,0,0,0,0,0,0,0,0,0,0,0,0,0,0,0,0,0,0,0,0,0,0,0,0,0,0,0,0,0,0,0,0,0,0,0,0
Castilla y León               ,42,Soria                                             ,104000,300,73992,61230,60279,59997,282,951,35324,3,10757,0,1196,0,3792,0,2911,0,0,0,0,0,1331,0,0,0,0,0,156,0,0,0,0,0,0,0,0,0,0,0,0,0,0,0,0,0,0,0,0,0,0,0,0,0,0,0,0,0,0,0,0,0,0,0,0,0,0,0,0,0,0,0,0,0,0,0,0,0,0,0,0,0,0,0,0,0,0,0,0,0,0,0,0,0,0,0,0,0,0,0,0,0,0,0,0,0,0,0,0,0,0,0,0,0,0,0,0,0,0,0,0,0,0,0,4530,0,0,0,0,0,0,0,0,0,0,0,0,0,0,0,0,0,0,0,0,0,0,0,0,0,0,0,0,0,0,0,0,0,0,0,0,0,0,0,0,0,0,0,0,0,0,0
Castilla y León               ,47,Valladolid                                        ,446675,688,295410,249223,245518,244514,1004,3705,104145,3,76308,2,15798,0,20521,0,6372,0,0,0,0,0,6792,0,0,0,0,0,2575,0,0,0,1228,0,4952,0,0,0,0,0,2813,0,964,0,0,0,0,0,0,0,0,0,0,0,0,0,0,0,0,0,0,0,0,0,0,0,0,0,0,0,0,0,0,0,0,0,0,0,0,0,0,0,0,0,0,0,0,0,0,0,0,0,0,0,0,0,0,0,0,0,0,0,0,0,0,0,0,0,0,0,0,0,0,0,0,0,0,0,0,0,0,0,0,0,0,0,0,0,0,0,0,0,0,0,0,0,0,0,0,0,0,0,0,0,0,0,0,0,0,0,0,0,1504,0,0,0,0,0,542,0,0,0,0,0,0,0,0,0,0,0,0,0
Castilla y León               ,49,Zamora                                            ,230535,407,164706,133390,130134,129534,600,3256,60626,2,26225,1,2783,0,30677,1,2597,0,0,0,0,0,5110,0,0,0,0,0,0,0,1516,0,0,0,0,0,0,0,0,0,0,0,0,0,0,0,0,0,0,0,0,0,0,0,0,0,0,0,0,0,0,0,0,0,0,0,0,0,0,0,0,0,0,0,0,0,0,0,0,0,0,0,0,0,0,0,0,0,0,0,0,0,0,0,0,0,0,0,0,0,0,0,0,0,0,0,0,0,0,0,0,0,0,0,0,0,0,0,0,0,0,0,0,0,0,0,0,0,0,0,0,0,0,0,0,0,0,0,0,0,0,0,0,0,0,0,0,0,0,0,0,0,0,0,0,0,0,0,0,0,0,0,0,0,0,0,0,0,0,0,0,0
Cataluña                      ,8,Barcelona                                         ,4425562,5284,3004988,2392774,2363117,2358838,4279,29657,355857,5,721880,11,469361,7,75097,1,41356,0,364798,6,0,0,0,0,127679,2,112794,1,0,0,8738,0,10017,0,8895,0,7900,0,0,0,6395,0,13559,0,0,0,0,0,0,0,0,0,0,0,0,0,0,0,0,0,0,0,0,0,0,0,0,0,9203,0,0,0,0,0,0,0,0,0,12040,0,0,0,0,0,0,0,0,0,0,0,9157,0,0,0,0,0,0,0,0,0,0,0,0,0,0,0,0,0,0,0,0,0,0,0,0,0,0,0,0,0,0,0,4112,0,0,0,0,0,0,0,0,0,0,0,0,0,0,0,0,0,0,0,0,0,0,0,0,0,0,0,0,0,0,0,0,0,0,0,0,0,0,0,0,0,0,0,0,0,0,0,0,0
Cataluña                      ,17,Girona                                            ,437769,631,304448,249960,246345,245840,505,3615,45231,1,60747,2,24746,0,7953,0,1673,0,67275,2,0,0,0,0,13331,0,6178,0,0,0,0,0,0,0,0,0,0,0,0,0,0,0,1389,0,0,0,0,0,0,0,0,0,0,0,0,0,0,0,0,0,0,0,0,0,0,0,0,0,10906,0,0,0,0,0,0,0,0,0,0,0,0,0,0,0,0,0,0,0,0,0,0,0,0,0,0,0,0,0,0,0,0,0,0,0,6411,0,0,0,0,0,0,0,0,0,0,0,0,0,0,0,0,0,0,0,0,0,0,0,0,0,0,0,0,0,0,0,0,0,0,0,0,0,0,0,0,0,0,0,0,0,0,0,0,0,0,0,0,0,0,0,0,0,0,0,0,0,0,0,0,0,0,0
Cataluña                      ,25,Lleida                                            ,349182,492,242148,188715,185895,185526,369,2820,45191,1,27809,1,22680,0,10067,0,0,0,45428,2,0,0,0,0,17582,0,14118,0,0,0,0,0,1295,0,0,0,1356,0,0,0,0,0,0,0,0,0,0,0,0,0,0,0,0,0,0,0,0,0,0,0,0,0,0,0,0,0,0,0,0,0,0,0,0,0,0,0,0,0,0,0,0,0,0,0,0,0,0,0,0,0,0,0,0,0,0,0,0,0,0,0,0,0,0,0,0,0,0,0,0,0,0,0,0,0,0,0,0,0,0,0,0,0,0,0,0,0,0,0,0,0,0,0,0,0,0,0,0,0,0,0,0,0,0,0,0,0,0,0,0,0,0,0,0,0,0,0,0,0,0,0,0,0,0,0,0,0,0,0,0,0,0,0
Cataluña                      ,43,Tarragona                                         ,483709,636,331744,257480,252624,252084,540,4856,69014,2,59926,1,41345,1,15216,0,0,0,37146,1,0,0,0,0,14199,0,10864,0,0,0,0,0,1141,0,0,0,0,0,0,0,716,0,2219,0,0,0,0,0,0,0,0,0,0,0,0,0,0,0,0,0,0,0,0,0,0,0,0,0,0,0,0,0,0,0,0,0,0,0,0,0,0,0,0,0,0,0,0,0,0,0,0,0,0,0,0,0,0,0,0,0,0,0,0,0,0,0,0,0,0,0,0,0,0,0,0,0,0,0,0,0,0,0,298,0,0,0,0,0,0,0,0,0,0,0,0,0,0,0,0,0,0,0,0,0,0,0,0,0,0,0,0,0,0,0,0,0,0,0,0,0,0,0,0,0,0,0,0,0,0,0,0,0
Extremadura                   ,6,Badajoz                                           ,640850,761,413193,322276,319026,318394,632,3250,148697,4,107797,3,21932,0,21880,0,5578,0,0,0,0,0,3141,0,0,0,0,0,0,0,1835,0,3272,0,3512,0,0,0,0,0,750,0,0,0,0,0,0,0,0,0,0,0,0,0,0,0,0,0,0,0,0,0,0,0,0,0,0,0,0,0,0,0,0,0,0,0,0,0,0,0,0,0,0,0,0,0,0,0,0,0,0,0,0,0,0,0,0,0,0,0,0,0,0,0,0,0,0,0,0,0,0,0,0,0,0,0,0,0,0,0,0,0,0,0,0,0,0,0,0,0,0,0,0,0,0,0,0,0,0,0,0,0,0,0,0,0,0,0,0,0,0,0,0,0,0,0,0,0,0,0,0,0,0,0,0,0,0,0,0,0,0,0
Extremadura                   ,10,Cáceres                                           ,425667,480,279372,212461,209363,209001,362,3098,115729,4,54827,1,6797,0,19516,0,4229,0,0,0,0,0,0,0,0,0,0,0,2229,0,0,0,0,0,0,0,4481,0,0,0,1193,0,0,0,0,0,0,0,0,0,0,0,0,0,0,0,0,0,0,0,0,0,0,0,0,0,0,0,0,0,0,0,0,0,0,0,0,0,0,0,0,0,0,0,0,0,0,0,0,0,0,0,0,0,0,0,0,0,0,0,0,0,0,0,0,0,0,0,0,0,0,0,0,0,0,0,0,0,0,0,0,0,0,0,0,0,0,0,0,0,0,0,0,0,0,0,0,0,0,0,0,0,0,0,0,0,0,0,0,0,0,0,0,0,0,0,0,0,0,0,0,0,0,0,0,0,0,0,0,0,0,0
Galicia                       ,15,A Coruña                                          ,1042880,1294,731499,461870,450884,448426,2458,10986,221996,6,78598,2,16777,0,50256,1,23978,0,0,0,0,0,12674,0,0,0,0,0,2705,0,4728,0,1833,0,2116,0,2000,0,0,0,1144,0,1738,0,0,0,0,0,0,0,0,0,16660,0,0,0,0,0,0,0,8027,0,0,0,0,0,0,0,0,0,0,0,0,0,0,0,0,0,0,0,0,0,0,0,0,0,0,0,0,0,0,0,0,0,0,0,0,0,0,0,0,0,0,0,0,0,0,0,0,0,0,0,0,0,0,0,0,0,0,0,0,0,0,0,0,0,0,0,0,0,3196,0,0,0,0,0,0,0,0,0,0,0,0,0,0,0,0,0,0,0,0,0,0,0,0,0,0,0,0,0,0,0,0,0,0,0,0,0,0,0,0,0
Galicia                       ,27,Lugo                                              ,416972,543,302293,171681,167944,167142,802,3737,87059,4,20808,0,2949,0,36377,1,9466,0,0,0,0,0,0,0,0,0,0,0,544,0,0,0,0,0,0,0,2852,0,0,0,496,0,602,0,0,0,0,0,0,0,0,0,2080,0,0,0,0,0,0,0,3909,0,0,0,0,0,0,0,0,0,0,0,0,0,0,0,0,0,0,0,0,0,0,0,0,0,0,0,0,0,0,0,0,0,0,0,0,0,0,0,0,0,0,0,0,0,0,0,0,0,0,0,0,0,0,0,0,0,0,0,0,0,0,0,0,0,0,0,0,0,0,0,0,0,0,0,0,0,0,0,0,0,0,0,0,0,0,0,0,0,0,0,0,0,0,0,0,0,0,0,0,0,0,0,0,0,0,0,0,0,0,0
Galicia                       ,32,Ourense                                           ,435210,514,315033,163961,161081,160491,590,2880,99440,4,21079,0,2627,0,21502,1,2358,0,0,0,0,0,3384,0,0,0,0,0,2347,0,0,0,0,0,0,0,2884,0,0,0,0,0,0,0,0,0,0,0,0,0,0,0,2458,0,0,0,0,0,0,0,2412,0,0,0,0,0,0,0,0,0,0,0,0,0,0,0,0,0,0,0,0,0,0,0,0,0,0,0,0,0,0,0,0,0,0,0,0,0,0,0,0,0,0,0,0,0,0,0,0,0,0,0,0,0,0,0,0,0,0,0,0,0,0,0,0,0,0,0,0,0,0,0,0,0,0,0,0,0,0,0,0,0,0,0,0,0,0,0,0,0,0,0,0,0,0,0,0,0,0,0,0,0,0,0,0,0,0,0,0,0,0,0
Galicia                       ,36,Pontevedra                                        ,828812,1084,548711,354864,348710,347812,898,6154,198231,6,54642,1,11835,0,40104,1,17265,0,0,0,0,0,6956,0,0,0,0,0,1777,0,0,0,891,0,0,0,1689,0,0,0,0,0,0,0,0,0,0,0,0,0,0,0,5999,0,0,0,0,0,0,0,8423,0,0,0,0,0,0,0,0,0,0,0,0,0,0,0,0,0,0,0,0,0,0,0,0,0,0,0,0,0,0,0,0,0,0,0,0,0,0,0,0,0,0,0,0,0,0,0,0,0,0,0,0,0,0,0,0,0,0,0,0,0,0,0,0,0,0,0,0,0,0,0,0,0,0,0,0,0,0,0,0,0,0,0,0,0,0,0,0,0,0,0,0,0,0,0,0,0,0,0,0,0,0,0,0,0,0,0,0,0,0,0
Comunidad de Madrid           ,28,Madrid                                            ,4365544,5090,2744152,2332660,2308916,2302805,6111,23744,737699,11,731380,11,247038,4,242077,3,211440,3,0,0,0,0,34113,0,0,0,0,0,13328,0,28363,0,16372,0,0,0,4344,0,0,0,7345,0,3264,0,0,0,0,0,0,0,0,0,0,0,0,0,13721,0,0,0,0,0,0,0,0,0,0,0,0,0,0,0,0,0,0,0,0,0,0,0,0,0,0,0,0,0,0,0,0,0,0,0,0,0,0,0,0,0,2301,0,0,0,0,0,0,0,0,0,0,0,0,0,0,0,5206,0,0,0,4814,0,0,0,0,0,0,0,0,0,0,0,0,0,0,0,0,0,0,0,0,0,0,0,0,0,0,0,0,0,0,0,0,0,0,0,0,0,0,0,0,0,0,0,0,0,0,0,0,0,0,0,0,0
Comunidad Foral de Navarra    ,31,Navarra                                           ,484041,807,319222,262522,258464,257866,598,4058,75036,3,54720,2,6319,0,0,0,6629,0,0,0,0,0,10450,0,0,0,0,0,6631,0,0,0,13195,0,0,0,0,0,0,0,0,0,1361,0,0,0,0,0,0,0,0,0,0,0,0,0,0,0,24489,0,0,0,21900,0,0,0,0,0,0,0,0,0,18079,0,0,0,0,0,0,0,0,0,0,0,0,0,10606,0,0,0,0,0,0,0,8451,0,0,0,0,0,0,0,0,0,0,0,0,0,0,0,0,0,0,0,0,0,0,0,0,0,0,0,0,0,0,0,0,0,0,0,0,0,0,0,0,0,0,0,0,0,0,0,0,0,0,0,0,0,0,0,0,0,0,0,0,0,0,0,0,0,0,0,0,0,0,0,0,0,0,0,0,0
País Vasco                    ,1,Araba - Álava                                     ,235113,315,153080,126968,124212,123967,245,2756,38338,2,34244,1,3906,0,7927,0,1677,0,0,0,21708,1,0,0,0,0,0,0,791,0,3324,0,0,0,0,0,0,0,0,0,216,0,0,0,0,0,2756,0,0,0,0,0,0,0,3439,0,0,0,0,0,0,0,0,0,0,0,0,0,0,0,0,0,0,0,0,0,0,0,0,0,0,0,0,0,0,0,0,0,0,0,0,0,0,0,0,0,0,0,0,0,0,0,0,0,0,0,0,0,0,0,0,0,0,0,0,0,0,0,0,0,0,0,180,0,0,0,0,0,0,0,0,0,0,0,0,0,0,0,2622,0,0,0,2347,0,0,0,0,0,0,0,0,0,0,0,0,0,0,0,0,0,0,0,0,0,0,0,492,0,0,0,0,0
País Vasco                    ,20,Gipuzkoa                                          ,682517,744,437592,335512,331292,330135,1157,4220,0,0,93010,3,12042,0,27048,0,4841,0,0,0,102494,3,0,0,0,0,0,0,1059,0,0,0,2476,0,0,0,0,0,31208,1,0,0,3830,0,0,0,18167,0,0,0,0,0,0,0,16627,0,0,0,0,0,0,0,0,0,0,0,0,0,0,0,0,0,0,0,0,0,15505,0,0,0,0,0,0,0,0,0,0,0,0,0,0,0,0,0,10,0,0,0,0,0,0,0,1818,0,0,0,0,0,0,0,0,0,0,0,0,0,0,0,0,0,0,0,0,0,0,0,0,0,0,0,0,0,0,0,0,0,0,0,0,0,0,0,0,0,0,0,0,0,0,0,0,0,0,0,0,0,0,0,0,0,0,0,0,0,0,0,0,0,0,0,0,0
País Vasco                    ,48,Bizkaia                                           ,1151102,1177,749572,572548,556235,555069,1166,16313,91262,2,140643,3,29968,0,36934,1,12038,0,0,0,171991,4,0,0,0,0,0,0,2767,0,6224,0,2825,0,0,0,0,0,30209,0,0,0,4478,0,0,0,15079,0,0,0,0,0,0,0,6034,0,0,0,0,0,0,0,0,0,0,0,0,0,0,0,0,0,0,0,0,0,0,0,0,0,0,0,0,0,0,0,0,0,0,0,0,0,0,0,0,0,0,0,0,0,0,0,4617,0,0,0,0,0,0,0,0,0,0,0,0,0,0,0,0,0,0,0,0,0,0,0,0,0,0,0,0,0,0,0,0,0,0,0,0,0,0,0,0,0,0,0,0,0,0,0,0,0,0,0,0,0,0,0,0,0,0,0,0,0,0,0,0,0,0,0,0,0
Región de Murcia              ,30,Murcia                                            ,881340,1097,551021,450752,446272,445612,660,4480,181633,4,155871,4,29840,0,30167,0,22627,0,0,0,0,0,9166,0,0,0,0,0,1544,0,5886,0,2606,0,0,0,2291,0,0,0,1668,0,0,0,0,0,0,0,0,0,0,0,0,0,0,0,0,0,0,0,0,0,0,0,0,0,0,0,0,0,0,0,0,0,0,0,0,0,0,0,0,0,0,0,0,0,0,0,0,0,0,0,0,0,0,0,0,0,0,0,0,0,0,0,0,0,0,0,0,0,0,0,2313,0,0,0,0,0,0,0,0,0,0,0,0,0,0,0,0,0,0,0,0,0,0,0,0,0,0,0,0,0,0,0,0,0,0,0,0,0,0,0,0,0,0,0,0,0,0,0,0,0,0,0,0,0,0,0,0,0,0,0
La Rioja                      ,26,La Rioja                                          ,240746,405,167030,140429,137659,137303,356,2770,56917,2,36186,1,3846,0,19925,1,3188,0,0,0,0,0,3593,0,0,0,0,0,1006,0,1936,0,1986,0,0,0,0,0,0,0,639,0,0,0,0,0,0,0,0,0,0,0,0,0,0,0,0,0,0,0,0,0,0,0,0,0,0,0,0,0,0,0,0,0,0,0,0,0,0,0,0,0,0,0,0,0,0,0,0,0,0,0,0,0,0,0,0,0,0,0,0,0,0,0,0,0,0,0,0,0,5682,0,0,0,0,0,0,0,0,0,0,0,0,0,0,0,0,0,0,0,0,0,0,0,0,0,0,0,0,0,2399,0,0,0,0,0,0,0,0,0,0,0,0,0,0,0,0,0,0,0,0,0,0,0,0,0,0,0,0,0,0,0
Comunitat Valenciana          ,3,Alicante / Alacant                                ,1051941,1291,677156,556525,549184,548113,1071,7341,197100,4,213242,4,50444,1,35755,0,21621,0,0,0,0,0,8160,0,0,0,0,0,2726,0,4479,0,1101,0,4028,0,5240,0,0,0,1760,0,0,0,0,0,0,0,0,0,0,0,0,0,0,0,0,0,0,0,0,0,0,0,0,0,0,0,0,0,0,0,0,0,0,0,0,0,0,0,0,0,0,0,0,0,0,0,0,0,0,0,0,0,0,0,0,0,943,0,0,0,0,0,0,0,0,0,0,0,0,0,0,0,0,0,0,0,0,0,0,0,0,0,0,0,0,0,0,0,0,0,0,0,0,0,788,0,0,0,0,0,0,0,0,0,0,0,0,0,0,0,0,0,0,0,0,0,0,0,726,0,0,0,0,0,0,0,0,0,0,0
Comunitat Valenciana          ,12,Castellón / Castelló                              ,410984,544,283161,242186,238154,237404,750,4032,84115,2,69976,2,14029,0,14596,0,6430,0,0,0,0,0,5515,0,0,0,0,0,1040,0,2600,0,0,0,0,0,0,0,0,0,0,0,1024,0,0,0,0,0,3727,0,29834,1,0,0,0,0,1389,0,0,0,0,0,0,0,0,0,0,0,0,0,0,0,0,0,0,0,0,0,0,0,0,0,0,0,0,0,0,0,0,0,0,0,0,0,0,0,0,0,0,0,0,0,0,0,0,0,0,0,0,0,0,0,877,0,0,0,0,0,0,0,0,0,0,0,0,0,0,0,0,0,0,0,0,0,0,0,0,0,0,0,0,0,0,0,0,0,2252,0,0,0,0,0,0,0,0,0,0,0,0,0,0,0,0,0,0,0,0,0,0,0,0,0
Comunitat Valenciana          ,46,Valencia / València                               ,1905152,2146,1287981,1091199,1080031,1078161,1870,11168,334705,5,395211,7,106133,1,60410,1,58654,1,0,0,0,0,34788,0,0,0,0,0,6704,0,5434,0,2995,0,14275,0,3419,0,0,0,2937,0,3551,0,0,0,0,0,27411,0,0,0,0,0,0,0,0,0,0,0,0,0,0,0,0,0,0,0,0,0,12738,0,0,0,0,0,0,0,0,0,0,0,0,0,0,0,0,0,0,0,0,0,0,0,0,0,0,0,1871,0,0,0,0,0,0,0,0,0,0,0,0,0,0,0,0,0,0,0,0,0,0,0,0,0,0,0,0,0,0,0,0,0,0,0,2737,0,1843,0,0,0,0,0,0,0,2345,0,0,0,0,0,0,0,0,0,0,0,0,0,0,0,0,0,0,0,0,0,0,0,0,0,0,0
Ciudad de Ceuta               ,51,Ceuta                                             ,67077,57,31672,24578,24290,24223,67,288,8808,1,7886,0,0,0,2915,0,2763,0,0,0,0,0,0,0,0,0,0,0,0,0,0,0,0,0,0,0,752,0,0,0,0,0,0,0,0,0,0,0,0,0,0,0,0,0,0,0,0,0,0,0,0,0,0,0,0,0,0,0,0,0,0,0,0,0,0,0,0,0,0,0,0,0,0,0,0,0,0,0,0,0,0,0,0,0,0,0,0,0,0,0,0,0,0,0,0,0,0,0,0,0,0,0,0,0,0,0,0,0,0,0,0,0,0,0,0,0,0,0,0,0,0,0,0,0,0,0,0,0,0,0,0,0,0,0,0,0,0,0,0,0,0,0,0,0,0,0,1099,0,0,0,0,0,0,0,0,0,0,0,0,0,0,0
Ciudad de Melilla             ,52,Melilla                                           ,60191,44,25368,19291,19056,18949,107,235,10723,1,5186,0,966,0,2074,0,0,0,0,0,0,0,0,0,0,0,0,0,0,0,0,0,0,0,0,0,0,0,0,0,0,0,0,0,0,0,0,0,0,0,0,0,0,0,0,0,0,0,0,0,0,0,0,0,0,0,0,0,0,0,0,0,0,0,0,0,0,0,0,0,0,0,0,0,0,0,0,0,0,0,0,0,0,0,0,0,0,0,0,0,0,0,0,0,0,0,0,0,0,0,0,0,0,0,0,0,0,0,0,0,0,0,0,0,0,0,0,0,0,0,0,0,0,0,0,0,0,0,0,0,0,0,0,0,0,0,0,0,0,0,0,0,0,0,0,0,0,0,0,0,0,0,0,0,0,0,0,0,0,0,0,0
España,ES,España,36079654,46057,23583762,18590130,18324333,18278085,46248,265797,6310391,165,5371866,118,1709890,20,1504771,16,816582,6,514647,11,296193,8,215841,0,172791,2,143954,1,122608,0,101916,0,77575,0,67336,0,64241,0,61417,1,46548,0,41208,0,37183,1,36002,0,31138,0,29834,1,27197,0,26100,0,25017,0,24489,0,22771,0,21900,0,21350,0,21242,0,20109,0,18113,0,18079,0,17717,0,15505,0,12040,0,11914,0,11879,0,10821,0,10606,0,9650,0,9157,0,8741,0,8461,0,8439,0,8184,0,6472,0,6435,0,6411,0,6158,0,6014,0,5682,0,5541,0,5206,0,5110,0,4814,0,4791,0,4590,0,4530,0,4118,0,3786,0,3196,0,2946,0,2737,0,2631,0,2622,0,2399,0,2347,0,2345,0,2252,0,1684,0,1623,0,1504,0,1480,0,1099,0,938,0,855,0,833,0,805,0,492,0,226,0,0,0
